GNB,LR,PAC,Pct,RC,SGDC,LSVC,SVC,KNC,MLPC,DTC,ABC,BC,ETC,GBC,RFC,HGBC,XGBC,LGBMC,CBC
0.8449091063202837,0.7127025043532208,0.7618313119772655,0.7686732505760079,0.6836099189265388,0.7434948661400206,0.7200667194030761,0.8713539712973348,0.9267023035873604,0.7586773408435721,0.653625840522949,0.6484205341747893,0.7000815045257829,0.8706599889327868,0.7481109292949895,0.8285371972206289,0.8538169844944107,0.8789644357212429,0.8470754070877767,0.8889671861419994
0.8449091063202837,0.8468669609627593,0.836462200496422,0.8250830600055425,0.7415784950018233,0.8503056665697641,0.8290550010404896,0.8859763603758113,0.8632527661684354,0.7290461087598282,0.6519284552353358,0.6484205341747893,0.6992329908755409,0.8706599889327868,0.7476657362227309,0.8293515037630405,0.8538169844944107,0.8789644357212429,0.860067683646299,0.8889671861419994
0.8227528285860256,0.7451689219757622,0.8393256067358161,0.7113396265789934,0.785614538210315,0.8219686833070412,0.8702826801225284,0.8978744885437191,0.9125097040911663,0.8780492956171588,0.5187186130081299,0.5939944514058211,0.7085486967572454,0.8707199176693312,0.7530609046847918,0.8394540452778776,0.7468201699188131,0.8006725234089301,0.7309402260904145,0.8676719663651061
0.8449091063202837,0.853309405141715,0.8421690250637274,0.8299617529310916,0.6878203610711278,0.7348362059430283,0.8154983763265393,0.8714970361896502,0.8598960569054609,0.7898175661731709,0.6563013659615548,0.6478592483965315,0.6997689470140828,0.8706599889327868,0.7482243742930749,0.8296041310969532,0.8538169844944107,0.8789644357212429,0.8369571446995411,0.8889671861419994
0.8449091063202837,0.8517226430800808,0.8200177545051001,0.8209718176461832,0.6860952352684322,0.7173115249844992,0.830081439491623,0.8681303034122381,0.8830813736763594,0.7977783813634638,0.6535526451742346,0.6481154164499625,0.6974085975188842,0.8706599889327868,0.7477402605992889,0.8261316932092306,0.8538169844944107,0.8789644357212429,0.8470192724251494,0.8889671861419994
0.37421188381510695,0.3708836515728443,0.22086669929841424,0.3007903694898633,0.36997334794669245,0.37421426491154797,0.3707445930481703,0.3672386675743562,0.37205554566529125,0.373963862506644,0.31924238518875864,0.3354586818558873,0.36900052706530656,0.37541231449039464,0.3772248796975221,0.3788220825277117,0.37588544954850134,0.3761932383827905,0.3744696181770234,0.37317140632346957
0.36885672895149074,0.366586334476087,0.32237142012889647,0.3037442469196911,0.36651583710407243,0.3690299444123286,0.36651583710407243,0.36651583710407243,0.36215591904316974,0.3744086525880739,0.30784545482535425,0.3582720903351005,0.369213438061171,0.3662096417514374,0.3682139132049542,0.3695647610513247,0.367835372861639,0.3682713698619553,0.36707745384242163,0.36534083791210864
0.3748780418413762,0.37170638976585757,0.2217806976628096,0.1612306746947506,0.37054033831947886,0.3751031678065734,0.3708134602566751,0.3672386675743562,0.375607347829509,0.37840164739338256,0.3098104756388937,0.3529927805148423,0.37422198658171363,0.37685000704980465,0.374995247001707,0.3790248091601467,0.3741168236647683,0.37728379062285156,0.3781549296031689,0.3723598719561784
0.3665299254296573,0.36651583710407243,0.15745483774788246,0.2631146874000115,0.36651583710407243,0.3633106129623297,0.36651583710407243,0.36651583710407243,0.3664165585181515,0.36629261266982854,0.3062776110937128,0.339754118061763,0.3672075468981078,0.3663199357095156,0.3662199688070884,0.367922430072717,0.3675466225188292,0.3670686505865361,0.366199912811678,0.36712796430841843
0.3665040279677763,0.36651583710407243,0.31837153102672333,0.24686834616099304,0.36651583710407243,0.3652756314846116,0.36651583710407243,0.36651583710407243,0.3658495354778351,0.36691439738800763,0.3068591051708272,0.3409797750935053,0.36734755482197456,0.366586334476087,0.3690620852691717,0.36851457008227384,0.3647662283572969,0.36354781344309384,0.36624232251004235,0.36586338559569176
0.05413850849387703,0.3661161982591767,0.012369668293861338,0.030438255269071627,0.37227078914340667,0.38354887447286723,0.37249852605627765,0.36651583710407243,0.36526841307546776,0.498218447146011,0.6761640529876498,0.6781696462823255,0.7563216102831929,0.8693679846147555,0.8531002826964554,0.8822720111947219,0.860014889017403,0.8745916738124192,0.8568844166121367,0.8347095482125007
0.8622569268877569,0.8685190533779735,0.8268489300563941,0.8497576207660732,0.8314089481260896,0.8887378167024315,0.8900086337947009,0.89583769416597,0.8406031001577946,0.6794013603668606,0.5702333275813057,0.558032372557165,0.5671397263537951,0.873408988009529,0.8603801139580837,0.8339952418328068,0.8514821119365622,0.8671264446452982,0.8571353731527255,0.8507053548945458
0.8238137951061957,0.6580988621434711,0.862104721860406,0.7484644281718589,0.7838200607160093,0.8325914858314044,0.8761610534754345,0.9020892845597145,0.9011857056386632,0.9070318327204895,0.5804438043055932,0.5269469590238932,0.6994450022789166,0.8606076512605175,0.7743835303860216,0.8359230884258183,0.773299884275614,0.7676009304964214,0.7171319139999003,0.8418331595969267
0.7089235927294418,0.7093581138698843,0.5124158456431229,0.5391227161810965,0.5874033744781584,0.584142866341364,0.5369429422507432,0.778855721318504,0.7718708297564024,0.5789069352910762,0.4177557311950861,0.47283516662353786,0.6951522944307568,0.8274561716375989,0.6981776793806234,0.7785123344901073,0.8352875303259222,0.8662270647015772,0.8482360445000934,0.8099985326542967
0.6176550377409341,0.61194350692531,0.36300678288745203,0.3972701468321224,0.45210485055695454,0.3883535933351508,0.34217195255023924,0.7263762381672145,0.7447485128878663,0.5787928576516732,0.48633108279046494,0.5213395355960116,0.6867056492444373,0.7110468295851362,0.7558279359667974,0.8214875793538847,0.781356269547919,0.7576896636169029,0.7727958375119383,0.8272898718478389
0.053375536255939444,0.37720306146271476,0.38846811857856456,0.34384283481056827,0.39068218818178285,0.38931024609212284,0.39594721331509547,0.36651583710407243,0.37620781173563334,0.4910069014383249,0.6416865889721216,0.6759082917101831,0.7576674013397939,0.8542885996616727,0.8488319146756077,0.9010047825690445,0.8583630411403868,0.8632041412474497,0.8518905928948992,0.8385319611454112
0.8625983387238982,0.8727666993748907,0.7925592265526546,0.8916485488554717,0.8339918211565391,0.8841394105091478,0.8907431153899067,0.8901401859355021,0.596683914128937,0.8032824827011925,0.5324758523628155,0.5830680732449458,0.5698485756481864,0.8869753254996047,0.8596448915399041,0.8818969175490332,0.8503274956422378,0.8667065389564469,0.8528791702917289,0.8405664797106163
0.7970679159725741,0.6834417208001764,0.8472198617545413,0.8035482346840165,0.7913427189892999,0.8147335170710354,0.885678579428613,0.6387385197889244,0.39882695155847026,0.8764011158461986,0.6005031761805955,0.6822292109627713,0.7388241664074663,0.8851767441132857,0.8044680603550697,0.8596826881465638,0.7721470180420983,0.7618741092118594,0.7326260025994564,0.8297052556584118
0.708653406781705,0.7139585162190499,0.5255498823958527,0.5454790782220795,0.5915277223803678,0.5788905924769535,0.5372713770166448,0.7576657661004786,0.7123812480516917,0.6226226651254532,0.5382251515091347,0.47052710471281817,0.7095080395430828,0.7723182556595939,0.7132009073202267,0.7746022243136336,0.8314094269246287,0.868706693199635,0.8551249424970151,0.8084134573147186
0.6172362275038833,0.6118915442399503,0.393307155257993,0.3683839580285218,0.4585351385596188,0.38368924805292964,0.3530225512579151,0.7142830615958367,0.6879898034647886,0.5991798615845882,0.46821235702453723,0.5201168917769563,0.7208493740440463,0.7274916002926715,0.7647811871241229,0.8137131176543534,0.7656465627600982,0.7450001956256784,0.7692722237887663,0.7830082227122692
0.8460400358611261,0.7084095920200663,0.7618313119772655,0.7505996264397741,0.6960396911721835,0.6265258698792421,0.7306765271013418,0.8712129082158521,0.9267023035873604,0.7006342168710183,0.7024298471383545,0.7031551919382768,0.7226309695263085,0.8562791383932039,0.8210325001335461,0.8713282605402562,0.8843095364658198,0.8554561288269751,0.8799716658578194,0.8487639365955398
0.8458603224717995,0.8506468901578204,0.8028781611026155,0.8392867011339451,0.7357925308576472,0.8431735749055189,0.8220184582332986,0.8763493898744233,0.8044430419025433,0.7819179784944769,0.6118224113707551,0.5704394913393764,0.7006902173763145,0.8710992051163938,0.8260845073407285,0.8863064038383103,0.8466967251198549,0.8800592809738403,0.8984999191693649,0.8656902476216918
0.8148621246030093,0.7656574326683624,0.8551479338694036,0.7900293439750219,0.7920133108350356,0.8148836742181528,0.8899328653585714,0.7320021480045646,0.42298871335813626,0.8242526397567231,0.6528925654324617,0.6576396188389859,0.7260884925142593,0.9000164728253169,0.750131507245666,0.8332006285423484,0.8073408501911458,0.8012539537073808,0.8232039950237001,0.857318926901973
0.8451201224938858,0.853289821000773,0.806139541912672,0.8372648924926227,0.683405864848444,0.768448480704612,0.8124003048581083,0.8662947353249698,0.8608876273711621,0.814892168109427,0.6582330369657117,0.6563883711390656,0.6914475434083517,0.8615115857503374,0.8042066568519809,0.8547918692561202,0.8724508026763613,0.8699735484036859,0.8239339212149757,0.8691270379545524
0.8449395732597874,0.8523116757538707,0.8320748596183608,0.812675261904249,0.6780045707648251,0.7129383350406111,0.8268983947757345,0.8641606983450891,0.8793055749326371,0.8176131462931239,0.6250164110739547,0.6410379464147413,0.6766966606512934,0.8421924059029796,0.7841637210680314,0.8597366358056941,0.8703761773170529,0.8494507498631233,0.8352726146371701,0.8678757019794823
0.2968406645578696,0.713157038525676,0.7618313119772655,0.7613049778593813,0.6658504750171008,0.6232747137359215,0.7213973093544096,0.8666948404502872,0.9267023035873604,0.6639013304951238,0.7443803737355593,0.7369593263208083,0.7695217153536598,0.8859403144882595,0.86384879199353,0.8859545390405543,0.8227996348519787,0.8594025935734881,0.8693311852037806,0.8756995801139129
0.8774413835195114,0.8516140769871132,0.8746917441196094,0.8428606805919977,0.8187387509546964,0.8455569454304532,0.8399053416390185,0.8894632450432033,0.8530732101760653,0.787414994223529,0.5557759946377975,0.5806672400458749,0.6142101126655161,0.8628533554348069,0.8804995466726604,0.8369899291165207,0.8354268263193768,0.8822189141468441,0.8475536954669742,0.841806816290041
0.8255876647636172,0.7829637440997129,0.8074032239025892,0.8005720349387698,0.8007246205086819,0.8509225510541518,0.8856269609731318,0.9015305069196221,0.9149097766951352,0.8934243002295346,0.5437281984262802,0.5940432458491937,0.7298412366135484,0.8970252517942903,0.7888638053315464,0.8676750542243369,0.7618241481077316,0.7625340818607008,0.7352069479552517,0.8355860279763402
0.7542017405172201,0.8232634266846035,0.7381551381389017,0.7798735789559029,0.8038820417722444,0.7506922184394952,0.7695671527531794,0.8695940412864505,0.8582816373926214,0.7763190276091285,0.6425402894269693,0.665461930510275,0.7851986071074217,0.8218759797230236,0.8049235832079215,0.8383429951770984,0.8561136256926385,0.8522445532713084,0.8465804178882814,0.8332127064415973
0.7037384957598647,0.8114304114283605,0.7788669749673551,0.8029283605269391,0.7843231949149547,0.7390931536933725,0.7593414456479346,0.8592875669276292,0.8732305615037037,0.7805256780727082,0.5194796256360896,0.47844489822615094,0.7343631525496676,0.8368372813362884,0.8446373934984492,0.847704508765761,0.8344702078783034,0.8517649122882897,0.8287525765430871,0.8381298208314238
0.28897094080679114,0.7364476526221626,0.7618313119772655,0.7813485647256181,0.680530368188845,0.6632324681899001,0.7283856478176582,0.8666948404502872,0.9267023035873604,0.7430967972519655,0.7353489968862575,0.7405247542699994,0.7726588119072207,0.8674126993745633,0.8776520531245017,0.8861999872794505,0.813981546179975,0.859917901131351,0.8597011564258283,0.8603011206803375
0.8771046465892551,0.8531669873538464,0.7058466649768704,0.8178630301391329,0.8135739854351107,0.8446304816842494,0.8295002096517874,0.8970546210824215,0.8191746553118402,0.8035610690999869,0.5026440475761008,0.526788212501088,0.5869318282020213,0.8600924963682771,0.8792801795121467,0.8079692694800763,0.8423652008849067,0.8779297231068693,0.850813966103027,0.8636926842719272
0.8408569759940847,0.8184408750002966,0.8702952546062587,0.8543345044818156,0.8271025681785722,0.8688949498667964,0.8857031209872109,0.814200977801241,0.4628126372820291,0.8784857183401393,0.6002501920587687,0.6331354414834671,0.7572219600103127,0.8567332055746111,0.7665811753658085,0.8371089103867237,0.7630253063148189,0.7624587435534982,0.7319671876224165,0.8039859129884012
0.7538943220061455,0.8283129439422888,0.7624466372906473,0.8111177841253101,0.8036956495536702,0.79529389897228,0.7784394372421589,0.8651336889989276,0.8502378258103805,0.7754622290320883,0.7403757467142908,0.6286835156689272,0.781581306017103,0.8274320760379871,0.8225485310151074,0.8529339433947539,0.8617448987879798,0.8755806339950357,0.8670006176110472,0.8424897479369664
0.7039595806774037,0.8178440570627339,0.7879982874565721,0.7794481174974001,0.7869948543606903,0.7509051276769718,0.769307370987748,0.8571898898772525,0.8725901399715376,0.7823418184890365,0.45334873938641823,0.4579471096047424,0.7124419697717647,0.8335161195954389,0.8408316761047758,0.8652168702008061,0.8434303528678133,0.8501757811144075,0.8520358548585084,0.8065805550955116
0.8394139234306154,0.70909937961153,0.8708012453384604,0.8179932997506079,0.6590081071225269,0.843420038345127,0.7090571005125029,0.8696089269768629,0.9190210830984172,0.7266525441471683,0.6389035408570819,0.6579063875755768,0.6533221794360458,0.8521197015725682,0.7655968639210438,0.8244188828992781,0.8382472835248989,0.8138133012392066,0.8285819937587768,0.8272784164300542
0.8397093907323188,0.8441692725484868,0.8298515155961657,0.825376646644312,0.7139687726012346,0.8568233355583131,0.81663842881735,0.8627083564633766,0.8493753542002463,0.7854900293051423,0.6121554605194452,0.6357461561495783,0.6693499513115513,0.8489669330642909,0.7786668178953238,0.8523605023882496,0.8278741395737732,0.806438192564616,0.8402068607770865,0.8262174944935572
0.788697824980058,0.7427997460832629,0.866291155058095,0.7237124294915049,0.7815344896830292,0.8218862509729545,0.868844523442091,0.8951389038899273,0.9019646024496941,0.872543983069251,0.5409336418641933,0.5535191310385658,0.6660519396839385,0.8307438374175872,0.7368829279390451,0.8445030727496435,0.7703876177818425,0.7742408363408269,0.745079858925997,0.7951887336909885
0.8394856798843611,0.8465483638880492,0.8490945804361034,0.8057246620344372,0.6695155067069104,0.7336386334730729,0.8024087376596274,0.8510088145452757,0.8743680647564973,0.8038810917527511,0.4240404392928058,0.4283864455420128,0.6810314201961309,0.8793651991286554,0.7715694634370548,0.843796758330329,0.845509335896504,0.7950721776875431,0.8195089691945554,0.835718338386947
0.8394856798843611,0.831463444636248,0.8125427220981729,0.8431365167717034,0.6678915784774365,0.6542186657761089,0.7952325707861255,0.8426709121517248,0.8958064447924057,0.8241823574366658,0.4504129332150218,0.41768143541687947,0.6994154388030612,0.8556023137348314,0.7586517574176809,0.8319467811996801,0.8400498918022282,0.7949335130119012,0.8410828031336707,0.830830477827899
0.3759562561547739,0.3725507117605803,0.2500300331500444,0.09389273908076709,0.37176870833778386,0.3794268502211553,0.37170888308445194,0.3672366308879795,0.36733754492290027,0.3778186720083018,0.3177899265296928,0.3242073318995532,0.3686650610001404,0.371854501367728,0.36809326968569267,0.3734171765064368,0.3697496943455465,0.37406916882102365,0.3686190635008691,0.3679565396716518
0.3716950592811626,0.3667710126154652,0.183588494423302,0.04839581493528539,0.36651583710407243,0.37234007596607854,0.36651583710407243,0.3690702036885365,0.3648973170400325,0.3746747399045882,0.31558764053553023,0.3143953496788098,0.3756444231039092,0.3714276137969957,0.37699425625981275,0.3717220961596285,0.37163381727156153,0.37320768386683506,0.373552452818213,0.3704326166411834
0.376518397168196,0.37208162505615394,0.18884533482006777,0.17225727755921372,0.371637835540591,0.37994513073529224,0.3715714493913714,0.3670345756750388,0.363195422168412,0.37527727769723224,0.30833643371818675,0.3147664900671022,0.37342423696638477,0.37540311289732153,0.37216620650415944,0.37390652080922526,0.37218547922958617,0.37569987341617583,0.3728895517445519,0.3732603461145661
0.36630947352742765,0.36645316071792317,0.28436159055159704,0.30347651180975105,0.36651583710407243,0.3708336114009366,0.366586334476087,0.36651583710407243,0.3643786437423094,0.3755685863468204,0.30899346194323485,0.3125942695572114,0.36407113519553197,0.36691210077240866,0.36984357239879573,0.36939128172121455,0.369402793213473,0.36847197886762184,0.3721979394833015,0.3683123791095187
0.36843757307226843,0.36632766314072795,0.36452567624427573,0.20394089905984722,0.36651583710407243,0.3722706483291412,0.36651583710407243,0.366586334476087,0.3681191022433365,0.37597909092372145,0.3081369328468939,0.3078682164425705,0.3707976981640043,0.3686481710908933,0.3649854996211119,0.3694481070963468,0.3723792859321686,0.3687264607933954,0.36780677146672486,0.3708600374161417
0.05931801367000602,0.3676827574832392,0.028753176898120247,0.39997167265071115,0.3752662753060972,0.37838247718148743,0.38733697268658923,0.36651583710407243,0.3785510241682149,0.5300028907018275,0.7062169459851416,0.6901199240224783,0.7644151875780526,0.8187653152246698,0.8404755623988426,0.8691302736002617,0.8335804629624035,0.861748706510093,0.8496878985282704,0.849006752404401
0.8247215656204481,0.8640818559636786,0.8458091148497957,0.7689519673183562,0.8459403764921964,0.9107790337615134,0.8912057720467456,0.888568033713671,0.8406706447061449,0.6575716879143767,0.5370875778387829,0.4938233473638043,0.6235772892871962,0.8971627789837809,0.8064861691309104,0.8320364502935926,0.8453360425849615,0.8610294296437891,0.839813798152378,0.85308667928652
0.7882619088861259,0.6603433520831771,0.88053219044888,0.8489702042926541,0.7815959967967426,0.7494006716355316,0.8770673587896114,0.8977867207487041,0.8958069104982329,0.8682613980968987,0.479234253588551,0.40107043509509593,0.5405953676801567,0.8393231697027502,0.7766593283100673,0.8170230491404379,0.773423510199982,0.759290845174732,0.7672577240142336,0.8257775371639926
0.6976852512717904,0.7264658388748066,0.5598230221756746,0.49816801856946685,0.5850505547603448,0.6634423337449492,0.5790698426740956,0.7611208437284251,0.8099214399907656,0.6366467697885648,0.44827388661586853,0.3751941237178395,0.6302729509574911,0.7967043610600132,0.6540883300708481,0.735094556445488,0.793124949800728,0.7877602619386677,0.770163794449718,0.7543538395552943
0.6399273808995718,0.6410264870582144,0.4684572059581502,0.5297494631713664,0.4724856129422032,0.5493609911380367,0.4775865109706619,0.713993382150255,0.8197348146604551,0.6109490767576821,0.5503788326395213,0.5715016320011718,0.5975524706751951,0.7166087420503012,0.6614668783633695,0.7605110593052755,0.7421342464059132,0.7839108384151193,0.7170526083554923,0.7421816647852171
0.05796045787127251,0.3844787258531151,0.04280709768742302,0.3629967555459345,0.4023437364621961,0.3994010149730079,0.4237930549975899,0.36651583710407243,0.3820874768172065,0.5484951957994817,0.7056560788718521,0.7046258187450518,0.7751996485421235,0.8374851581151557,0.841269456457608,0.8631353660415131,0.8372807821172151,0.8559469783936831,0.8583073487010827,0.8243901298618573
0.8262459747273595,0.8708173733670209,0.8574530906968146,0.8715302016520373,0.8413069716199092,0.9105724197263328,0.8904276289735034,0.910694566865229,0.766806250153451,0.8303061053637557,0.5555169718260193,0.6005556123546979,0.6385323865369552,0.8672852814681397,0.818919844638484,0.8445312927794278,0.8332486470336601,0.8689496511683659,0.8188579915577365,0.8371088015801054
0.8388299905967425,0.685305248052538,0.8617892655443539,0.8049997772538171,0.8025187810715685,0.8285330717451176,0.8830340302047087,0.8050231340614372,0.4700962934777387,0.8777324543889512,0.5054961540943964,0.4774141045823513,0.5617086223842104,0.8833672350219928,0.7559176547733325,0.8216408719461015,0.76778978487306,0.7714007861111454,0.7627667844565378,0.8154132017492147
0.6973783353335804,0.7321309420145697,0.5851210025621477,0.5652951870343228,0.5915938000037184,0.6534433154518832,0.6023667489781991,0.7679152098858957,0.8026035233279019,0.6722942666958178,0.4017774334865508,0.4075150131966457,0.6235638659727875,0.7891426491889442,0.669474279143086,0.7283680292684498,0.7792071197385252,0.7924144182194148,0.758844867566253,0.7472340513929472
0.6406167571709974,0.6361614345422764,0.4795438522857581,0.5192772668958228,0.4812397644670377,0.5310573385656835,0.4775564885778834,0.7194766027701236,0.7996950853555532,0.5899619614877047,0.5037532746645567,0.581607153005984,0.6108987535492447,0.7210679794782844,0.6775338950314307,0.7792242775837036,0.7381998197832904,0.7814621254769616,0.6884522494758445,0.8272417606774897
0.8362240043035452,0.7113705061240438,0.8708012453384604,0.8179932997506079,0.6835095195650552,0.8105082441561811,0.717343576935836,0.8714571714314553,0.9190210830984172,0.43083790239742203,0.6747396818444339,0.6785234899007117,0.7540489644950557,0.8619361867508286,0.8180911686865701,0.8202070297435206,0.8410360193568637,0.8456189530534305,0.8451745473842726,0.8119905031158307
0.8404711587581013,0.8481818435086819,0.8336461017686492,0.8037123854787169,0.7040419190318281,0.8568099926154165,0.8246739905157895,0.8858696288580133,0.857486817820194,0.8004921468054512,0.6355153846608294,0.6457667312987917,0.6982630723794,0.8634155202146804,0.7695870858055843,0.8228950153798961,0.8230783344954775,0.8706292642612689,0.8474957404086152,0.8036465238985345
0.7816543336097383,0.7629809811536109,0.8578882115162252,0.8149547169807015,0.7955770779082785,0.8395501129469845,0.8840014967939274,0.8590053347922996,0.5707023806300544,0.8778995508601731,0.6677158066832553,0.6681665483634632,0.6580999093595724,0.8444213525437366,0.7671067487754338,0.8988657635519435,0.7733556642811636,0.7779473503069602,0.7698458447555735,0.8009794870196206
0.8380242647543213,0.8431024101061051,0.8389227820293675,0.8178496900137165,0.660601628922397,0.7237909898904329,0.8207662350546592,0.8584251289588152,0.8783917008314331,0.7944873972483391,0.4513315251106408,0.42737647179764293,0.6893650764138736,0.8696364469513415,0.7347998559255497,0.8149199487831282,0.8297852360418413,0.8192895330385417,0.8156816908297712,0.8344237506376245
0.8385897528901138,0.8238388503737857,0.8103486919451196,0.8441395040820546,0.6594484571412674,0.6561484747662171,0.8070868543803414,0.8498362617936015,0.8962433918521063,0.8198685877016583,0.47385967154504066,0.41620817154764717,0.6438594319253707,0.8520503749505334,0.7428849474015976,0.845259163487979,0.8164329696902011,0.8116067648018737,0.8514453977378865,0.8404085639582026
0.3071791164569988,0.7165547180219216,0.8615380986431439,0.8117441771826007,0.6464783457251978,0.8596274476865667,0.7138143184056269,0.8630205855161737,0.9190210830984172,0.6630745968756802,0.705933099550143,0.6759701165476757,0.8132519766458701,0.8652246717371613,0.8481306983938558,0.8558346084021949,0.8381914048645319,0.833538421182329,0.8237253387484836,0.8533646441682863
0.848394147454867,0.8483081105254192,0.8499048828816391,0.8053129883983476,0.81239457686388,0.8307545324677572,0.8147496310756003,0.8831061368594858,0.8478736595968224,0.7963405811513529,0.5801090820325641,0.5644751631995855,0.6368671525158365,0.875282056043123,0.7957422643702073,0.8349601492293176,0.8320295958189243,0.8570335919380855,0.8359920433745769,0.8521853966640806
0.8084013572082793,0.7792194786537222,0.8453312458744985,0.7687096123880514,0.7963914507344056,0.8177130877150234,0.8858531215331776,0.8978582960105491,0.9081222107681346,0.8912769330219737,0.4564072217628995,0.4666189679419178,0.5909891928787435,0.8338679154164976,0.7523064007591006,0.8132810452478696,0.7728071133395765,0.7661402584881248,0.7591705842589916,0.8238292667284577
0.7421374553625019,0.8241615518264788,0.7809972027022325,0.7861824034233683,0.7686565237817036,0.7626541234086058,0.7830428870615276,0.8442627693914967,0.876414298866795,0.7766694239464959,0.6319199550010309,0.6535102571169915,0.7868316430637429,0.8294458502762724,0.7681339482080092,0.8207724552230748,0.8156059911070188,0.8197194982444722,0.8099953402371309,0.7995576849597543
0.6915215131410843,0.8111472170730177,0.8349200854174703,0.7780121164642337,0.7229341150838552,0.7425253730306027,0.7886624952764318,0.827148352511536,0.8916628427639025,0.7843814044840305,0.6528360540122973,0.700074477395757,0.6766862725057061,0.8052384653523728,0.7600996839179799,0.8512454588503279,0.7553915111196129,0.8257904246080173,0.7980348097357484,0.7950156558404972
0.30116764736241675,0.7093758923893323,0.8615380986431439,0.8086790925100111,0.6729999390768829,0.8122975067950822,0.7265135744572883,0.8630205855161737,0.9190210830984172,0.6436344246157296,0.6843936704934709,0.7388803899705595,0.8049282441219218,0.8629370160477433,0.8566014404145609,0.8863148568874452,0.8355633995009727,0.8290033950273867,0.8215700630702728,0.8566603750535671
0.8487830092653242,0.8510440932150919,0.8314412263231479,0.8469620453665873,0.8072380826605067,0.8306524417952041,0.8157304108922941,0.8947352305806752,0.8627631589568642,0.8003251661734253,0.5340362766308496,0.5134184630188295,0.6237145338349145,0.8832940282155136,0.8019056162308349,0.8438502639777851,0.8290032894889221,0.8472088360346491,0.8497079991326831,0.802080449801161
0.825957067661903,0.8168767943476442,0.8331956322833951,0.8653082173116217,0.8262942966760225,0.8769305843745085,0.8864299829892113,0.8699477558884047,0.6425494858632055,0.8919491614581704,0.46187956336555297,0.5001615008715791,0.5813424741410976,0.8358168661963716,0.7304851395784598,0.7848734378101276,0.7653766367426696,0.7691262643196001,0.7717027578916925,0.7988676529886269
0.7412984209711032,0.8219244274316141,0.788306297787878,0.7708180492298016,0.77195145185171,0.7662494621376778,0.7796373939778805,0.8450171893990805,0.8799829124254306,0.7734212037413131,0.6061715285672562,0.6398665430367494,0.7694226540674681,0.795983444632977,0.7717918351698607,0.8606627615255246,0.8265006778761063,0.8137379264719223,0.8184581689277085,0.7863223950872182
0.6914002526925509,0.807215728351206,0.8160726183724076,0.8107682994969323,0.7306479795263034,0.7387167825797675,0.7953974037143183,0.829690838158505,0.8931339553069485,0.7724468288136761,0.6649521841391562,0.6661064160413006,0.774835227097993,0.7477502695490333,0.7647604116173419,0.8543044514749965,0.774760348938369,0.8255632261002449,0.8112475669903636,0.8310245061816701
0.8353295240996479,0.662402855748753,0.8334951712517564,0.757049447529729,0.6664957307271296,0.8244025024688132,0.653284940083362,0.8702785588895401,0.9215399111287741,0.6811446293803541,0.6387564585108454,0.6249285110140005,0.7456192716718637,0.8511741220325489,0.8153212552031449,0.8389570545713743,0.8564120639918962,0.8648691263593228,0.8504636685491666,0.8482195992111639
0.8353295240996479,0.8455067774193163,0.8171118629126163,0.826385492730165,0.7038213537138581,0.8477042109570755,0.8021350699877058,0.8471794743505119,0.8537114410883855,0.7527770098510875,0.6387564585108454,0.6249285110140005,0.7456192716718637,0.8511741220325489,0.8137661704615133,0.8389570545713743,0.8663342348263942,0.8656695526014311,0.8382650509675533,0.8482195992111639
0.7935641677708094,0.7423308109996515,0.8380563619977734,0.7338504947210865,0.7812274267557034,0.8046146723464116,0.8693997684839241,0.8941640458469321,0.9085035128244431,0.88190116060351,0.5515668415101351,0.4969274313621514,0.6984940396919206,0.863214113345229,0.7153718460440353,0.8609762159847705,0.7806450532968191,0.768761153655226,0.7624327492169767,0.8179780673130943
0.8353295240996479,0.8493597639094387,0.7862721481425018,0.8333636264427081,0.670292896675772,0.6991085257232111,0.7947554885961625,0.8250022193969703,0.8699665544940534,0.7952496560929417,0.6387564585108454,0.6249285110140005,0.7456192716718637,0.8511741220325489,0.8153212552031449,0.8389570545713743,0.8571222396793498,0.8656695526014311,0.8620613086483863,0.8482195992111639
0.8353295240996479,0.841799038606724,0.8162949090915465,0.7996617540400891,0.6679654793808202,0.5987714033136036,0.7885501731822762,0.810292196678997,0.8882984000113422,0.8213149701828278,0.6387564585108454,0.6249285110140005,0.7456192716718637,0.8511741220325489,0.8153212552031449,0.8389570545713743,0.852549132637469,0.8656695526014311,0.8583521686238109,0.8482195992111639
0.37484848805513443,0.3727254187755212,0.17924027665759404,0.14086269362716639,0.37215252980512165,0.38326639693130654,0.3715294227126586,0.366791371487702,0.38084537209861224,0.3729571305643554,0.312527167226186,0.3512888479441036,0.37469829301230345,0.3739455539162211,0.37464235001571117,0.37737619790697674,0.37581689902302573,0.3736418415516622,0.37399550568479867,0.37073457177591235
0.37786184959702324,0.3675551834728345,0.15198670331823558,0.3718308644844238,0.3677555026496275,0.3741148433345549,0.3677555026496275,0.3677196345413666,0.3554040360740169,0.37737209318149256,0.3139129937137704,0.34789826992811823,0.36988943839045196,0.36896678121001475,0.371778865708842,0.36955471638967496,0.370637374035062,0.3708906036933501,0.37177495532559357,0.3656867989484528
0.3747201796749859,0.37287090230617215,0.1842381297087106,0.33371575834091655,0.3709531785063823,0.38120854714866487,0.3713938290700791,0.36658668880271994,0.37965342681601216,0.36990756894992005,0.3155059027832158,0.3479832220356246,0.3674216837167604,0.3761694194226524,0.3713820331664163,0.3768609068335223,0.37425581938180663,0.37115541068205127,0.3743778846227526,0.3657418431410414
0.3691824514307202,0.3666727091452914,0.36529050092765186,0.2214822055597806,0.36724719066482875,0.36785262547996245,0.36731778457693554,0.36651583710407243,0.3608406970752989,0.37928117212840134,0.3241611681575605,0.3649234082544071,0.36872789534971756,0.3667073972046888,0.36849647650936024,0.37042882814535033,0.3766168253509141,0.37453717722802254,0.37407844426467723,0.3742271638927169
0.3706109700003989,0.36627254486300204,0.2523669726891102,0.2750439638902309,0.36724719066482875,0.3716165944516502,0.36724719066482875,0.36651583710407243,0.36739045128017483,0.3778960924332692,0.3142680746397808,0.33704969615738223,0.36798785037333087,0.3672183753195914,0.3694574486775499,0.37103772075994584,0.3713595314175217,0.3729271009600424,0.373781859123627,0.37184354959213684
0.0538862741159555,0.36989074999521565,0.02744518365846179,0.0225911537484982,0.38561548239727267,0.3928697276493966,0.3964932751707411,0.36651583710407243,0.3815022220507584,0.5555802291445386,0.6384730362723545,0.6300841543144619,0.7139796163231258,0.8305039221600101,0.8298896999636147,0.8690777771643979,0.837462427906574,0.8485255981105807,0.8338184366445046,0.8323469110657907
0.8157406231004172,0.864437394835452,0.8323185472028185,0.8575273046679505,0.8376614240070499,0.8908052319113898,0.8856450361067851,0.8879816688854886,0.8389359354283896,0.73807050613754,0.6496583587256346,0.6541173865585685,0.6765135662940881,0.8629726554636278,0.7953965843717123,0.8274076856850646,0.8552241593339738,0.8519211038808593,0.8098129850230635,0.8446083690318988
0.7921967238425258,0.6599554689018113,0.8571371143711575,0.40344180828255144,0.7814312402737023,0.7521490663594396,0.8804429576550642,0.8971279338077844,0.8961548632413424,0.9018874806129283,0.4729678900981981,0.5548917430674736,0.6139912406455387,0.8245196616292779,0.7716279095294039,0.8270184491188586,0.7121487597358283,0.8254387063634965,0.7298703411175144,0.8187664678555099
0.7040238524942759,0.7268398645696146,0.583280501558181,0.5871320310468036,0.5994108141648956,0.6364113415133303,0.5954206798729952,0.7548046559190474,0.806690531889606,0.6416484738060261,0.34543281484727684,0.3109839025023869,0.43639341354242506,0.7635195020312704,0.757864825355036,0.737176214766257,0.823722638215916,0.8151162457889004,0.8470782030761657,0.7507327214729456
0.6508047651992283,0.6403500883792865,0.5080225834490808,0.3992702066202964,0.49518493378077943,0.5598051876684119,0.5010433784254955,0.7134367075286797,0.8131797247581842,0.6089143755202019,0.5402516194865108,0.5125551809601467,0.6040023306642417,0.7337951663768442,0.7264175010666669,0.7608102203549494,0.7613538972757462,0.7585972277140838,0.7354479893570796,0.8158716309845604
0.05442360948070997,0.3851120627553036,0.08550803481648227,0.2368809426574367,0.4113019098415424,0.40073081693241874,0.4341688156643778,0.36651583710407243,0.37650191865254795,0.497356135785922,0.6189870396882862,0.6352116932897983,0.7089934048625562,0.850301197517041,0.8424447012753012,0.8792264076363648,0.8375290275584601,0.8472849656447746,0.8323944647350234,0.8309653515235969
0.8153179869043385,0.8693622625665612,0.8461393332828785,0.8377556526575352,0.8375780532258615,0.883419598190182,0.8861174668845269,0.9016676751438827,0.7432934263921607,0.8143761421550745,0.639650707000835,0.6257422884236787,0.6695856099298639,0.8757342796950491,0.8121827320880372,0.8119307338324223,0.859548073227617,0.8480770588058031,0.8035540288282078,0.8363515779829733
0.8266944344883614,0.6789528367379069,0.8558096183211608,0.8119071417415588,0.8006925426167182,0.7948604611265504,0.8810440539451793,0.7845463437312042,0.4782178706321772,0.8875387580740595,0.633150704947266,0.670162826781248,0.6417239533888406,0.8202200487651854,0.7759999835234811,0.8443452758385683,0.7170399049963736,0.8066191269233255,0.7490790735665436,0.8242347647522875
0.7039635249589385,0.7294252748998131,0.5942203403123756,0.5833377531613985,0.6055194756068524,0.6959174332726032,0.6074448012935747,0.7488672352071716,0.7953552377433919,0.6477748086854568,0.23409670399545265,0.3632144871456684,0.6319104345990424,0.7817195892360579,0.7357670110424123,0.7358887873312191,0.8197841452392222,0.8368487505649272,0.8243714028169199,0.7318130555357503
0.6501112368401455,0.6431076965660573,0.48372405856462103,0.4846537070007382,0.5000906546598792,0.5790022800887551,0.515037754129552,0.6982429171705619,0.7899035566547592,0.6118163730044399,0.517721143473234,0.4633724991172768,0.6288183796215195,0.7255167976824847,0.7321740561801096,0.738145547848752,0.766732294070396,0.7516877960702332,0.7612229362484292,0.7621813296913182
0.8374505797315245,0.6702010611918985,0.8334951712517564,0.7594602732947869,0.6862225506200219,0.8286484808550957,0.6864510752294818,0.8751141498400111,0.9215399111287741,0.7104891248193385,0.6937970727641076,0.6649644534257849,0.7814074452723181,0.856215587677608,0.816462516466592,0.8268239852314451,0.8319332733951993,0.8487841427316172,0.8221391245270622,0.8334385235172428
0.8363423350089391,0.8471752745517857,0.8283251979359351,0.793775930443105,0.7028145255408095,0.8038360702041241,0.8096045380271828,0.8747357645793766,0.8586010660796564,0.8104424948964969,0.6674366761565901,0.6922441487982846,0.7430144045608857,0.8596549781130173,0.802577963004026,0.8376350026594526,0.8561499507277428,0.8670539442480224,0.8464810169926078,0.8418437040852889
0.7874828292732661,0.7635016379774461,0.8333243435183294,0.832507712237609,0.78939088339492,0.8598518102732942,0.8791884761440787,0.8443922796230762,0.5617434605049285,0.8635722881688839,0.6225376028140445,0.621676241796193,0.700350949122131,0.8378285025198843,0.7619716643963912,0.8606044505373637,0.7609125808486756,0.7996357121725409,0.7201099632596236,0.827604577390285
0.8346743190183035,0.8447713750851268,0.7874043096131511,0.8291144078957862,0.6648450830810867,0.6856685438925835,0.7926056227587023,0.8268726795510248,0.8703742780011223,0.8070043241242671,0.6461806120879326,0.6390532039109296,0.7341236512847071,0.8425049870515379,0.8184273961389666,0.8167477610406171,0.8571904808714295,0.8620050598607951,0.8571509060434095,0.8244370302421705
0.8361115458041293,0.8324296141827883,0.8270800163190184,0.8201315657402894,0.6627620613308473,0.5985756344247145,0.7861359470154684,0.810206420037682,0.888306597989155,0.8346150839953707,0.6410547663748093,0.5859890720244407,0.762262441445937,0.8581865909793698,0.7811826440042606,0.8382295214896088,0.8724672641032314,0.8630722892303384,0.866531994571558,0.8329018882562921
0.29313244325493015,0.653709719436195,0.7946152552002331,0.7512860825293751,0.6515803270020729,0.7777012613227737,0.6497267827239854,0.8643129188938719,0.9215399111287741,0.7387151276372372,0.6697352829549613,0.7319599349482675,0.8348848948160412,0.8671338997893687,0.8479515383692996,0.8851136593318638,0.8340692708547182,0.838604302861195,0.8225257457466102,0.8571779561331375
0.841954693298792,0.8471550718332628,0.8054325136818778,0.8283147134880602,0.8079327230325547,0.8355470178635489,0.8022283358691341,0.8746649574049411,0.8499130864605965,0.7950176526244349,0.5135974268875161,0.5510338594655583,0.6440871348259624,0.8474057970167622,0.80154883340868,0.8219260520041499,0.8405543520430172,0.8418464437398187,0.7933853399406636,0.8118812614489952
0.8101629329532611,0.7770970400739063,0.8511247465195113,0.820458317872249,0.7975493489877743,0.8119575710831909,0.88596509277978,0.8951384040415019,0.9105230305978274,0.8751011103814073,0.4743398791518107,0.5776471273142468,0.5625665403697607,0.8261823484408992,0.7657834597450769,0.7931290615797448,0.7189093302482956,0.7942417125838558,0.7514323476081081,0.8140723615207106
0.7491008366507141,0.8413418591070814,0.7920601920141708,0.8109156635438899,0.7571845385048676,0.7308331935974275,0.7859671430163626,0.8226376768139446,0.8743744499395677,0.778192190114793,0.6525648220679444,0.6621508013798706,0.8073566008732231,0.82258583512105,0.7859476497076693,0.81490217346747,0.8245990311299823,0.793954594003417,0.7939228100009479,0.8091458136696138
0.7008673217389569,0.8148657772141285,0.8162897418024436,0.826024830474003,0.7161305616362723,0.6898739544682739,0.7877401153289287,0.7990477987054477,0.8857508373158813,0.7986610590017603,0.5599522478346979,0.569808665082673,0.7101280874922626,0.8157436049411759,0.8219810835289364,0.8721612890585438,0.820817949770766,0.8534459506371149,0.7993526045174001,0.8443747460254583
0.29058422904192,0.6679098379651274,0.7946152552002331,0.7798159916421566,0.6770963365767815,0.8204116311608423,0.6611929236050377,0.8643129188938719,0.9215399111287741,0.8324471135416827,0.7261118205105065,0.7383281122121226,0.8112580596212751,0.8588960496595007,0.839572633274871,0.8800652417145127,0.8345194688752594,0.8318197971630182,0.8481640060279236,0.8563896579073206
0.8414462853342269,0.8499087115790718,0.8281894434074258,0.8109949697963269,0.8046878409073803,0.8184152720701676,0.8085280112228214,0.8887945786795305,0.8581978095269978,0.793654199740655,0.5492368882932406,0.5294349031336594,0.6707166598562547,0.8584443057392748,0.8210144169312472,0.8270584235950291,0.8542534475947893,0.8409614068957363,0.8094385387984164,0.8112453829445728
0.8288957179734738,0.8194155795510386,0.8639259808526759,0.831605179209328,0.834496159478441,0.8874596387456856,0.8837928634390745,0.8639134741276262,0.6383132180442129,0.863836639929952,0.6450827707861128,0.6025241019968403,0.6348458868559836,0.8386820418592212,0.7326581688042099,0.8142219164333218,0.7099836289943664,0.7623726888167938,0.7283788036884942,0.8096843928385976
0.7497533170706343,0.8342483438732486,0.7954543087312451,0.8304702827418112,0.7583818460263034,0.7216681441768299,0.7923955739962837,0.8233750460268353,0.8777253599452837,0.8078686380034629,0.6517559919586751,0.6729017592979082,0.8202919448414324,0.814665411194775,0.7757847809916548,0.8542571507537262,0.8323302044350243,0.7915541829493195,0.7992138668803208,0.8382274070051617
0.7005652408747458,0.8078309956804364,0.8172484035902835,0.8046336982213698,0.726633566320952,0.7044653663049728,0.7978175433474048,0.8015676551669841,0.8925826948319462,0.7861801951675126,0.5315227647226831,0.5622916042217462,0.6699279065056706,0.7879937839752919,0.8173694974088014,0.8626666072867365,0.8225704291141027,0.8513930157513988,0.7969061857417066,0.8434191177567888
0.5233508752350458,0.776909671722424,0.6718904893820623,0.6789359967719674,0.651794206084249,0.7847331248117787,0.7620884361546046,0.9234695090369414,0.9267023035873604,0.6774972332918551,0.5833697562850699,0.5540711728213368,0.6372531349821597,0.8255930444750103,0.5061320062149327,0.7993970060481258,0.7661511917600506,0.7184492816596716,0.8086690706281955,0.8397522836672187
0.49734716743833707,0.8523574095872305,0.8272786139952991,0.8745115988701802,0.7415784950018233,0.8355681781996199,0.8378225377439195,0.8949339687548264,0.8632527661684354,0.8157186023504975,0.3675888208745168,0.308758593029108,0.5504976906566538,0.7498667277244925,0.6386766235920129,0.734446375014065,0.7769479753747272,0.7676730816815813,0.7818549753685877,0.7802027000073853
0.6170762464515512,0.7448901865916019,0.8274289325763466,0.8000757921402233,0.785614538210315,0.8175262649175487,0.8714346112267575,0.9147769769760968,0.9125097040911663,0.8526928491848998,0.3432463269789107,0.35094379727528935,0.564840880390192,0.8983924089525661,0.5219384758880613,0.8653403259819205,0.83739904562397,0.8613497057783236,0.7778457168087024,0.8445297168508988
0.2098021780475473,0.856643868900517,0.8057989093636461,0.8439541019222054,0.6878203610711278,0.8030956261162855,0.7993432748391077,0.8653240040185538,0.8598960569054609,0.8406665839929235,0.43682245523285673,0.4805835629521682,0.6658326822827898,0.6108341207751309,0.6691280159982005,0.7077695335126383,0.7153676604215368,0.7205230940459852,0.714179859629868,0.7442888019431017
0.36777104435201047,0.8593850471784312,0.8204562871641639,0.8216669320146691,0.6860952352684322,0.7442884515737209,0.802645408435983,0.866294496283781,0.8830813736763594,0.8394390507726006,0.5029817564626099,0.5662364057775993,0.7207421741351859,0.7039077682796597,0.5209592464134548,0.6855107663878753,0.6803758782777029,0.6545437595253892,0.6584330300848099,0.7248061914655092
0.37628298392510884,0.37088628161529313,0.2244676544775299,0.2992275603197983,0.36997334794669245,0.37779056548787776,0.3707445930481703,0.3671032153215469,0.37205554566529125,0.37704488498579725,0.30865155063071936,0.3368014782618819,0.36521360968794453,0.3764147260124433,0.374182182625667,0.37880772832990234,0.374863158775826,0.37809559508316054,0.3776478432607639,0.37267720854916536
0.3659475183322222,0.366586334476087,0.32153966029915504,0.3391301103922128,0.36651583710407243,0.3688382132497025,0.36651583710407243,0.36651583710407243,0.36270256352572183,0.3705022995179799,0.319279490464068,0.3525376151968236,0.3661964006602731,0.36749944408794055,0.36679546760912557,0.3683044496685503,0.3642461516086304,0.36350874469537414,0.3646782992753915,0.363471384503349
0.37525703319501297,0.3715699001150591,0.25369376865316634,0.36733998469422985,0.37054033831947886,0.37167648959173627,0.3708134602566751,0.3671032153215469,0.375604605607999,0.3779487709752167,0.30501387854777795,0.3338567667153855,0.37157771326532746,0.37670513177711046,0.3791965005844301,0.37956990249494144,0.37371707435024365,0.3728001741495183,0.3748479324304237,0.36993871994400457
0.36630803687477753,0.36651583710407243,0.14650155623460936,0.24616124852943178,0.36651583710407243,0.3643070813711116,0.36651583710407243,0.36651583710407243,0.36583600109858044,0.3666293143368576,0.31558078968916614,0.3577514624053671,0.36832046104516253,0.366586334476087,0.3681670585958613,0.36806098628471284,0.3724530437802668,0.36762976180975604,0.36913205932602766,0.3698830087113081
0.3657967188855694,0.36651583710407243,0.2322286180971239,0.2153058303164611,0.36651583710407243,0.36666477948253406,0.36651583710407243,0.36651583710407243,0.3660654016408141,0.3725781910081816,0.30616222092326273,0.3535212845175321,0.36930394473502515,0.3661161982591767,0.36468457995600484,0.36840166302256944,0.3678829469075897,0.3657446416402237,0.3678381539431035,0.36516593752364385
0.03721537882977437,0.36651583710407243,0.36651583710407243,0.3931610287624028,0.36651583710407243,0.36651583710407243,0.36651583710407243,0.36651583710407243,0.37508908334432184,0.36651583710407243,0.3678670135584578,0.3683813030966444,0.3717976154007139,0.3660258561202634,0.3653138066796759,0.36902112513019975,0.3698717004990808,0.3740114988543754,0.37125536625532696,0.37062675763979613
0.28186548793287963,0.8657083394444778,0.7904084425739312,0.8172568327041476,0.8314089481260896,0.888569943427224,0.8927596279592226,0.8711994754150183,0.8406031001577946,0.732507950241486,0.5444861049568249,0.503388933911587,0.6070122416359007,0.642881715091223,0.769381491120072,0.7804745236958146,0.735696911463684,0.7754635381013706,0.7376964663609993,0.7053438795325947
0.305402376379115,0.6594707865901631,0.8504621643213292,0.8091777850632615,0.7838442635570977,0.7765028455700435,0.8778597555990351,0.9193924398598118,0.9011857056386632,0.8589186404926589,0.3272550010930646,0.3047959521813195,0.5394250200908961,0.8797400836594016,0.7291547458077432,0.8722500501725605,0.8074169307996056,0.8197459535631764,0.8281769466550085,0.8658631743316385
0.25095649525685143,0.7216558381189223,0.5520591239078687,0.4909508470456153,0.5884873675934037,0.5656125364220392,0.5301512569846681,0.7732699885717942,0.772292301034816,0.5614057486296222,0.43269880633698016,0.430533996697129,0.5847723783734508,0.3994365244598415,0.6220822333626144,0.5094944142418634,0.6984708619286791,0.7014979777836388,0.698324394067929,0.7230285132514203
0.23062832252954177,0.6152840490475575,0.4014883053064166,0.3570588241594272,0.45012850819976213,0.41479265827150497,0.3293027238080959,0.7184266789601877,0.7447485128878663,0.5056286866923718,0.48761148844432634,0.4931405597103144,0.586568329419286,0.39172354231322143,0.6107138102499674,0.480617040730321,0.6738339702118066,0.6597754293837115,0.6592471631920502,0.6658199697284989
0.03108592695331225,0.37213371632309944,0.37507406935381854,0.27954137165028675,0.37125497303379895,0.3761844984755531,0.37214880811730133,0.36651583710407243,0.36903356324655506,0.3737116752288525,0.3580473794030879,0.3585273849610432,0.3830731691911256,0.37730058782395887,0.37984359901690234,0.38038890043122536,0.38195242740447094,0.38543085507276037,0.37948022949505306,0.37966918415657336
0.3238368971836128,0.8705464596488948,0.7607632114096324,0.8290256244041521,0.8328333046921389,0.8871437967567858,0.890858310136245,0.8720740398896951,0.5961768739047312,0.7640242092379385,0.625014411089549,0.5087912739394949,0.6161228058113276,0.6429405774107404,0.7289404276572066,0.7549080466034273,0.7642751561410981,0.7975631066414544,0.7937001807284245,0.7929346054832005
0.7682189401778748,0.6809953492634993,0.8067280758470584,0.7813011765423987,0.7746534935782045,0.8118068778258165,0.8609100988311287,0.6334985047764224,0.39882695155847026,0.8061372763868112,0.5675150864379114,0.4301831616218332,0.5285741860524826,0.8721978183481454,0.7160544397875207,0.8724402083416494,0.8079835282056956,0.8043161872418575,0.8432256816686521,0.8794425533670942
0.23857937425615672,0.7205610512410202,0.543570423445683,0.5071026791415296,0.5909630016056046,0.5826786416470924,0.5347399388668375,0.7553545693449272,0.7123661837360136,0.5918472493118196,0.4197738393915643,0.40022989314091434,0.5079657390030496,0.3987347548869799,0.6105971823198534,0.4822554674013722,0.6830489428464143,0.7002700838540937,0.6841037337593484,0.729022849694611
0.23574111240881962,0.6137961117902732,0.36313547302792276,0.36521193462275175,0.45768862343951616,0.42930551863554983,0.3438233844413474,0.7109524198697055,0.687530906166331,0.5544920623944053,0.2873413508211764,0.3079504746728074,0.5058693371859596,0.3800195684179533,0.6117433061242412,0.4678848113177425,0.6471018648626583,0.6155995068614256,0.6534610087756995,0.6144806701220974
0.5233508752350458,0.7776891259816108,0.6718904893820623,0.771786448635364,0.651794206084249,0.7520971994762969,0.7603098304780237,0.9234695090369414,0.9267023035873604,0.672829390757391,0.5833697562850699,0.5540711728213368,0.6372531349821597,0.8276994831923042,0.5150369412356934,0.7999203172270818,0.7797613606641866,0.7457898205222182,0.7977961054723944,0.8413967244927364
0.5012339624656815,0.8542894446448914,0.860722453140226,0.8536327692990981,0.7360816964640494,0.852276582318933,0.8336330087695929,0.869845684194417,0.8044430419025433,0.846140964759444,0.4328871096485554,0.46953449934391056,0.599338004631652,0.7497286017646345,0.6635322242043691,0.7908855895038943,0.7887919137623883,0.7717190841637647,0.76330735477102,0.7815027056924693
0.7124968425320009,0.7666055087743744,0.8394045823404552,0.7925173936271982,0.7691429323923485,0.8007947148629018,0.8535552162746263,0.7613240353315286,0.42243366363128027,0.7840817907377595,0.5834641101034335,0.6384341434513084,0.6570038820870828,0.8837855793735642,0.7792893070164069,0.8664184855994067,0.8209489652172646,0.8394492435653854,0.8363361800566238,0.8979388693722734
0.21284517785285773,0.854117773621938,0.7810946921968334,0.8191732824651555,0.6852678833900252,0.7946905884560929,0.796016945604949,0.8645730739921761,0.8605617188452814,0.8745802300942994,0.54171104375522,0.5219174518514946,0.6603337115557484,0.6067107278654761,0.6647495481749812,0.6593510283462507,0.7002131464587981,0.6777156405773929,0.7029931246089562,0.7447648032191226
0.41255340142326646,0.8570637796320713,0.7850043993574504,0.8297506967332261,0.6813545508849632,0.7108862433756473,0.7958808407010713,0.8604784492794824,0.8793055749326371,0.8716065618262498,0.5692431771323073,0.5588774780686784,0.6729312567778892,0.6974421513328247,0.6111541525300206,0.6597776778037384,0.6911373325055158,0.6682328582098931,0.7119724569971704,0.7631852977033046
0.4905645715200269,0.7765768399071125,0.7254209935856394,0.516016825014075,0.651794206084249,0.7273094319824829,0.7927463561536661,0.9234299527740082,0.9267023035873604,0.6977989221331331,0.6291066863402652,0.6035233171374872,0.6449070067471008,0.8102108229070617,0.4933523830571034,0.8188059135743732,0.7726432796168244,0.7542023085000118,0.8037730407143591,0.8680891716014743
0.057974149305538125,0.8561432835239883,0.824287245123792,0.8024878326582678,0.8194511257087779,0.8645265221445408,0.8471360457751159,0.9064244496536675,0.8530732101760653,0.8327505536617854,0.4866227788978837,0.45506137016536186,0.5900481885645987,0.6393112195650247,0.6088950447241472,0.7884999595759495,0.7829855787402709,0.720853189005224,0.7754435102508106,0.7322312453714518
0.2473624700775258,0.7845457957766626,0.8274496171144358,0.8554430781842967,0.8007246205086819,0.8517543771895739,0.8881942333368172,0.9156437804396053,0.9149097766951352,0.8575679394890128,0.5368296299256813,0.48315833293631,0.5381549923800673,0.848442386839981,0.6611534189822367,0.8476278853452471,0.8200664831560309,0.7865096578467254,0.8003197463801008,0.8727814089033726
0.08221133319465009,0.877166981289665,0.7647705542786406,0.7577444878544979,0.7972376224960462,0.7192175977389954,0.8033026690735943,0.8672459730641525,0.8583866481903004,0.8587574842306884,0.47029953790529694,0.4645885806842385,0.55346160343732,0.5102920924599057,0.5053681701708219,0.6623414477662984,0.8053820623367454,0.8047163509414843,0.8043696987327327,0.8001986286744818
0.13776421425439916,0.8565000872053455,0.7834324693490267,0.7829337855455039,0.7792781370175509,0.6343778296412692,0.7832207818746982,0.8562887885942017,0.8733178967072039,0.8511314195028704,0.43740068505160834,0.509538419063716,0.6859933137848346,0.548248352683955,0.6119248832652853,0.7110327902596848,0.7380466401149566,0.6990183325520591,0.7476366560405183,0.6744111502263174
0.4905645715200269,0.778937569975823,0.7254209935856394,0.6319005052014898,0.651794206084249,0.6270394393179299,0.7921174936458228,0.9234299527740082,0.9267023035873604,0.7174182008257572,0.6291066863402652,0.6035233171374872,0.6449070067471008,0.8078540524904041,0.5086644390441034,0.8113542948324522,0.7835545641085093,0.7347570913958165,0.7451200337922601,0.8608564607081716
0.11083713092553865,0.8591701084347229,0.744054519219923,0.8568170749629922,0.8111152295122321,0.85437037013157,0.8359296629065534,0.8829046678827964,0.8189171622184641,0.8763145019214467,0.5727385257997333,0.5546604172106174,0.6853251702934361,0.672044787179943,0.6727521201548434,0.7801831014131543,0.7963907981024954,0.745045600687501,0.7741267531365925,0.7676024083386402
0.6970327461626757,0.818349687034982,0.7822942907151189,0.8137043870438607,0.8082518155437146,0.8814206347696663,0.8777450974168903,0.8198237442768045,0.46297311495543714,0.8355256933155959,0.5369417870075964,0.5470695834637707,0.632164029541589,0.8916099884296743,0.7886802429622186,0.8446738688398447,0.8103953644679575,0.8452473446466933,0.8118998143832414,0.8728851557208724
0.05611920251021497,0.8744312725000267,0.8036825974456956,0.764611505589914,0.7904891132301712,0.7257851552114758,0.8092657791356866,0.860807511086054,0.8498678155999418,0.8624363975865882,0.4347778181022296,0.4573164098880481,0.6024708352796513,0.472114039578278,0.641824037143719,0.6401557029732968,0.8039350891808131,0.8076530680094505,0.8002226376892069,0.8168243095717788
0.1374479832544144,0.8573998396446975,0.7823298567440092,0.7599363324660705,0.7812308769173284,0.6545778300709082,0.7907070901042585,0.8524075737129895,0.8722815220754759,0.876940998205619,0.4469668740194329,0.6014108728446942,0.7072445240989321,0.5585860373836024,0.5591162446795098,0.7090913664728007,0.7747769536132022,0.7378619983982376,0.7852083923633703,0.702029767848474
0.4251255502132487,0.7232657033839938,0.6842956624317965,0.643051799020765,0.560424464071097,0.7426319851114082,0.7683077998525523,0.9177537134573025,0.9190210830984172,0.7021507234502546,0.5853241892829185,0.6860531392201576,0.5866802338339204,0.8219363659763944,0.5147897328186269,0.7765889814223742,0.761050116721008,0.7503815157561761,0.7812276201442336,0.7771081557746125
0.4775899680868256,0.8509080378870614,0.8803204661750036,0.8780296785002434,0.7139687726012346,0.861149420817018,0.830636652172017,0.8583076463455407,0.8493753542002463,0.7842006469278096,0.46183621397387414,0.45037575634437144,0.6205518181755275,0.7649328559516501,0.6180172984742388,0.7679219713190303,0.7455017642193998,0.7154414918963529,0.7389223282312621,0.760824060484935
0.35651991178946446,0.7418355424107922,0.8644173735331371,0.7796714725766731,0.7815344896830292,0.8267349185643378,0.8681949991451434,0.9073000704807949,0.9016997503451286,0.7913367671718154,0.23208908175248938,0.32282255916437713,0.42401161299691265,0.8353198419974213,0.5852085420829126,0.8336152434234314,0.8127786745760665,0.7939831980574795,0.7851010325182335,0.8436643083283367
0.23423123828520193,0.834523864623427,0.7929969104638503,0.8202556211175608,0.6764825385441188,0.7622445578857338,0.8017628578363152,0.8483957319601998,0.8740872841865126,0.8625187307635787,0.40622968960029204,0.36569107413507046,0.6040859051391535,0.7119539673666473,0.5699549550900476,0.6926820236605197,0.7192053981105885,0.6910370221803037,0.737802279421794,0.7854284245583394
0.16413953769813575,0.8439820215314278,0.8148689622350045,0.8217084547369171,0.6820622164781681,0.6240576422605414,0.7998165259505453,0.837055371624609,0.8957801781356252,0.8339091186499115,0.44882265022505474,0.4600862845274741,0.5636890100238203,0.7209012858781717,0.6381494682206614,0.6448648365913024,0.7277631697869719,0.7400791007012062,0.6868934851131469,0.7386669197170636
0.37570666347979875,0.37262285919055194,0.3047537052810703,0.3170678966532495,0.37176870833778386,0.38548158986393966,0.37170888308445194,0.36675402470149887,0.36733754492290027,0.37064947461547026,0.31448802421103583,0.3181434077171841,0.37441974633080394,0.3785102630711259,0.3748956296046253,0.37162915254537526,0.37033661205200574,0.36824688006148454,0.37305180124463205,0.368736815000796
0.3733994522733492,0.36663479627635936,0.26863996456245354,0.0726681396445724,0.36651583710407243,0.37228273475675466,0.36651583710407243,0.3690702036885365,0.36451285644740117,0.37436685973734624,0.3099427529563193,0.30719349545595737,0.37205976682849434,0.36974402126979894,0.3734544324107815,0.37441177886474486,0.36860538514577196,0.3660852507819101,0.37003307579165756,0.37200194103812767
0.37283462947325546,0.37195754254085606,0.3130230263525205,0.10815872065887544,0.371637835540591,0.3788354125781032,0.3715714493913714,0.36702954690815864,0.363195422168412,0.370811081013399,0.3173380415289923,0.3211232819115786,0.3757116563897701,0.37387840371925435,0.37779641733134894,0.3724311658860091,0.3699776921345822,0.3686181624671449,0.3718406147561698,0.36826632103934304
0.367751743017007,0.36645316071792317,0.2805444180690404,0.23380844206472412,0.36651583710407243,0.37345633757916274,0.366586334476087,0.36651583710407243,0.3643786437423094,0.3792688073163389,0.32554195683434967,0.32523259394993936,0.371334023456616,0.3675630280940215,0.3712257103040033,0.3673041934826859,0.3732062575436197,0.37421862347352836,0.37433008862717637,0.3719275315879749
0.3664414248506106,0.36632766314072795,0.3652984133330477,0.36087490690540874,0.36651583710407243,0.3728114529711581,0.36651583710407243,0.366586334476087,0.3681191022433365,0.37489541812873656,0.31896466469474477,0.31635476445120086,0.37373418981323564,0.36675931703443193,0.36801501485949806,0.3694037814439949,0.3704875435000758,0.36611736568467657,0.37201985402562143,0.36809238616511736
0.032960767157435705,0.36651583710407243,0.010064545288550641,0.010064545288550641,0.36651583710407243,0.36651583710407243,0.36651583710407243,0.36651583710407243,0.37040033380836046,0.36651583710407243,0.37964723459011357,0.37961489856424496,0.37869595293758596,0.37342624865478435,0.3697121595334998,0.37865296534512166,0.3720877580412681,0.37063120121520154,0.3689044199293884,0.37009037117385024
0.04405396257733057,0.8626931620608883,0.8140929975202701,0.70556915979348,0.8459468400822536,0.891644784258809,0.8925845736418834,0.8537349074380229,0.8406706447061449,0.801972069259761,0.5042096927864916,0.4983346474817675,0.6042075101393543,0.6113764293878003,0.7231268621919749,0.764820781969469,0.7305764183516089,0.6844440785842,0.6936846621663204,0.7170604143576234
0.3212692565117206,0.6626126125101823,0.8782820411142117,0.8287331144054721,0.7815959967967426,0.7805303993149878,0.8779819474758449,0.9161624046583705,0.8958069104982329,0.830711192731543,0.2776085108124826,0.3413147553133704,0.4818289403587339,0.8167136307229589,0.6509622033288698,0.8360706972853327,0.8347545560532899,0.8136663231530066,0.7899541341864277,0.8539441562831381
0.3257074554497432,0.7322806798696802,0.5408490394746956,0.5790547799486782,0.5858676831289815,0.622576616680667,0.5804915445884263,0.7469262303308952,0.8101683341459284,0.630912438101874,0.4532089176816641,0.45417717787616724,0.6141812639779705,0.4241445821521621,0.675822816294074,0.5824208796277321,0.7263791097321881,0.7248675195141777,0.7185050934692203,0.785372996549424
0.24960030320700038,0.653615079903901,0.47313398100106496,0.44521234171573093,0.4727966728680279,0.49643236685835623,0.46408501650665085,0.7059997008249701,0.819467383928963,0.5580488034314739,0.5345045266431628,0.5436221950796699,0.5963263859113298,0.40397086607170724,0.6109606500439019,0.5454858123259029,0.73253446949391,0.7158011557629762,0.7161861826542454,0.7249020496929948
0.03298674060445807,0.3706051055152994,0.3689006400656918,0.1539760463425544,0.3719525964828833,0.3770414133518434,0.3725225548000612,0.36651583710407243,0.3698174984758081,0.375611658456138,0.3764294346271253,0.3813883330636134,0.38357956518625214,0.38131155538769096,0.388209679978079,0.38441995441220816,0.3880616824408263,0.3891326055617039,0.3887830599638833,0.3813334976601445
0.05349913755784415,0.8675065671192634,0.8312125297667625,0.8173199767888791,0.840759281988514,0.8910732843146376,0.8900681785601339,0.8809092056802312,0.766806250153451,0.7989288945072932,0.5649357955833774,0.6076036302815158,0.5903945502794048,0.6377496637700941,0.6919961110798187,0.7908148153867092,0.7723564789853404,0.7440150912361837,0.7426243874823214,0.7073844721992432
0.7829500513930326,0.6896406542238805,0.8715780742834334,0.8260296859644426,0.7989950351966401,0.8169897822444949,0.8785849620345196,0.8310021035739587,0.4696161193092688,0.8249263812098847,0.5269222983598275,0.6197552101631094,0.7032875029537531,0.8894705847771759,0.8347885064515995,0.8902597232503141,0.8521467745502371,0.8326494876404862,0.8660208832272746,0.9189850592991039
0.31368087595974264,0.7397036733326543,0.5682235483999825,0.511390841742015,0.5912201296823573,0.6740066988398498,0.6013701418256769,0.7627304288495573,0.8026035233279019,0.5907273042924216,0.5360181282951748,0.5200947592449257,0.6317038350023926,0.40813465043666824,0.6568573191790275,0.5772964059451474,0.7143663488780567,0.7229085409740708,0.7113249171876049,0.7779536957361822
0.22046309433572742,0.6463585880113181,0.4350148147198489,0.49680168078376324,0.4818368942505272,0.5708218044977078,0.4669462507903822,0.7094313166420038,0.7996950853555532,0.5751295982235923,0.5435862763034048,0.5067979366240822,0.61932356862862,0.3854376385399303,0.6217630932094955,0.5081491866670993,0.7247763211741435,0.6982444579741238,0.7222127036342841,0.741638967848107
0.4251255502132487,0.724039778758349,0.684470604553877,0.49933522169067296,0.560424464071097,0.7202838739580139,0.7673780748415391,0.9177537134573025,0.9190210830984172,0.7057585084771589,0.5853241892829185,0.6860531392201576,0.5917630375611798,0.8237116907252275,0.5162834396467576,0.7790194297049884,0.7923426057568554,0.771056951123213,0.7826423644839727,0.771425761520663
0.47635206796180535,0.8508254255169827,0.8165348341972518,0.842640926501209,0.7036377481690276,0.8487908883091319,0.841185599985204,0.8820921432468388,0.857486817820194,0.823514589522328,0.5532348172951563,0.5649605698440602,0.6470463102919163,0.716069026647544,0.559167271760506,0.8081578524362679,0.7743898243029073,0.7685786762768486,0.7684792353586669,0.7634465567526941
0.7430370733001465,0.7640622799791169,0.858947722168945,0.8176572129486037,0.7855861505355927,0.8507341172957367,0.8808528233531989,0.8569047079117981,0.571142464376727,0.8213953585867388,0.3410831726441022,0.34684509418174747,0.4150582610779168,0.8155989555246158,0.7305092996967488,0.8715203399777873,0.8080791076127491,0.853820759978364,0.8001055601882244,0.888730538657301
0.29944641506609954,0.8259274415423898,0.8224688284806315,0.774740646911449,0.6673345398983457,0.7610869797715347,0.810665794700006,0.857111762647858,0.878085072371589,0.8172600652712068,0.5092644100379853,0.40439183541035983,0.5668534935091776,0.6817554308853335,0.6763632432294961,0.7178966135212103,0.7259729726733731,0.7079136276912635,0.7292267049068338,0.771309456837198
0.22755256663140588,0.8387250973620068,0.8059237612604854,0.8232278614662035,0.6584934527758447,0.5787462681602767,0.8015739183845936,0.8428058271521723,0.8965085612962509,0.8463512524852187,0.5250208968459666,0.49628679514246454,0.5942594843728702,0.7260427441449947,0.5754857632760996,0.6062480110115879,0.6961497153254899,0.7850340874870984,0.6944353045039003,0.7269901934836529
0.4124786967959777,0.7492789052354814,0.689009700199794,0.5994880342282819,0.560282818085419,0.6642724799633537,0.7750078017658302,0.9138753484258897,0.9190210830984172,0.7461301538074482,0.4510135265139818,0.4688631162478726,0.6178483676229402,0.8037779974531656,0.5618668749416105,0.7617600988259102,0.7503330639239817,0.7489205206989186,0.8049209440660167,0.7653424511044956
0.02992995382542357,0.8529253645625539,0.7314318055656952,0.7616130419050566,0.8113411597866605,0.8474632801648833,0.8129611141459735,0.8694017883099348,0.8478736595968224,0.8287813202370677,0.40416442816010845,0.5061877663876695,0.5787126004011766,0.6566956280896729,0.5671719939452237,0.8146663202182811,0.7594061773215003,0.7183238378130384,0.7662579557631857,0.7918851376619064
0.40307610091965906,0.7820205369985018,0.8727756675949155,0.799823045869872,0.7963914507344056,0.8490753008864932,0.8874847415166828,0.9111199787591614,0.9081222107681346,0.8513050607816837,0.4869271611444268,0.4828748215788143,0.5667147528789307,0.8452549465103155,0.7324134506321864,0.8197412580269366,0.803585615697977,0.81468140531451,0.8098215541856574,0.8768054653193774
0.13868236914029558,0.8729152926543969,0.8203252642415364,0.7665499951673328,0.7675184296119477,0.6730710248507976,0.817715512874428,0.8400372584739141,0.8761032126572812,0.8781634899791382,0.4649315857475293,0.46186454390818144,0.6336207833030351,0.5406872022147661,0.4240103624618928,0.7192803479598733,0.700376419843561,0.700271330613714,0.6911306509631767,0.7597663166380701
0.17199116946005952,0.8640159265769909,0.858848283982631,0.7548887311143512,0.7194442486169493,0.5512619455024468,0.8193938836498543,0.8249026067459977,0.8910317309152664,0.8658554770198388,0.6010244463016611,0.38848939116412534,0.5906929269388347,0.5553358698366652,0.5237776862363891,0.6936533054844842,0.7259075092233075,0.6952822002262015,0.6915781103277783,0.6063007997426969
0.4124786967959777,0.7489659172839657,0.6891843230886604,0.7535589879629253,0.560282818085419,0.7126271109117644,0.7741369416872349,0.9138753484258897,0.9190210830984172,0.7655298833499893,0.4510135265139818,0.4688631162478726,0.6027244031187561,0.8026140277171198,0.573663780717451,0.7624285340727628,0.7307314267719969,0.7608835618455975,0.7857070921849733,0.7725003870836251
0.03438665171528868,0.8542674369677637,0.8056002023005907,0.7440397376387452,0.806521591488266,0.8428152426489083,0.8229490561440035,0.9024707478053959,0.8624990771146448,0.8371235468635638,0.4644186131783776,0.5082365614272739,0.6491024350326878,0.6076867755902254,0.6950747401743101,0.8407504975649414,0.8251321213319951,0.8189154255575263,0.8339369976229075,0.8305451369544062
0.6323869011278374,0.818954411917487,0.8714338251344379,0.8410624267152033,0.822265484685832,0.8849853259341984,0.8911013323518501,0.8704040937947948,0.6421383674516743,0.8593005111042212,0.4489588917375221,0.4823579755859859,0.6581440439663153,0.8291037027100516,0.7768947886528116,0.8739402854737254,0.8200540423650446,0.8489214557498056,0.8198607030530697,0.8807940365544091
0.12213781574783168,0.8662880521520524,0.8441128271870421,0.8002034326482537,0.7699697340076113,0.6994606163738318,0.8183861655663002,0.8429033576742535,0.8796766167838996,0.8727154026225922,0.33073479066657263,0.3378839395470105,0.6589045616778337,0.5352974939637476,0.44875682265228367,0.70224007544629,0.7475466657909676,0.7376712646992717,0.7444493381698979,0.7840938238690385
0.16506473519059023,0.8634453940729743,0.8479007192898373,0.7808821117156689,0.7207155140016208,0.5705897684722314,0.8160836948572265,0.8273634470256113,0.8929376319833741,0.8385106970825221,0.6309400809277439,0.588706395608284,0.6246971134984113,0.5545841557606318,0.5879761893339346,0.6767578109123197,0.7566354691752646,0.7420082103639208,0.7327173457500376,0.6464307594792293
0.4202835001054711,0.778710465351373,0.6703887908372246,0.6865107956725099,0.5704924854872706,0.7212076061468893,0.7724767430808054,0.9218230829497633,0.9215399111287741,0.7811386546081033,0.5816744540816602,0.5488354052933965,0.6459722042296502,0.7981057719948582,0.6765138940766706,0.8411020282391282,0.7584118081070773,0.7474887907245864,0.7580314044022959,0.7600852195145442
0.4954725237453459,0.8490122890365398,0.849769147171457,0.7522269468632639,0.7038213537138581,0.8570204336948494,0.810841846315118,0.8387236197686597,0.8537114410883855,0.71821343832945,0.5080767228330851,0.4254846954664842,0.6182974694066344,0.7338492848520937,0.6332657413953482,0.7889788850608417,0.7213820731432253,0.7299112790464893,0.7256819507085277,0.7415842645877039
0.3911228339324668,0.7426036216546904,0.8758214032339217,0.8050067515135895,0.7812274267557034,0.8267060458692537,0.8701045034643028,0.9089056041363796,0.9085035128244431,0.7739215894622172,0.4659926231412389,0.4087166087012382,0.5675883836190071,0.8510454567664932,0.6347169217801003,0.8504844083728099,0.7797395209841257,0.7828292054470796,0.8153018207529922,0.8242367253320719
0.19691169793242058,0.8237432222729782,0.7520563998615352,0.7860612970679469,0.6757331095712004,0.7676755421106943,0.7807290776226645,0.8224610109717103,0.8702823696523674,0.8214422756089456,0.453470153496,0.49121460723482596,0.6388397851163248,0.7031984363982168,0.6829235662603129,0.6661703165946583,0.7367528763179755,0.7414668528095133,0.7531459024963268,0.7487753424317416
0.18400129174267416,0.8398635737664089,0.7468924108784153,0.8411626949383689,0.6679654793808202,0.6933135697254952,0.7846536262955965,0.797631883360255,0.8882984000113422,0.8039602965573394,0.5533751359948845,0.6782305062957319,0.6815279163231854,0.7552954764045863,0.6082428120329421,0.5952038993867763,0.7261486697101766,0.7555266181045514,0.7205522145041187,0.770543642993507
0.380785775733075,0.37273475584368176,0.3465657274387245,0.0439667038406152,0.37215252980512165,0.3772437238062903,0.3715294227126586,0.3663664345831015,0.38103350365346433,0.37510645144412746,0.3149470426543262,0.3312140838593062,0.37613707235392124,0.3748903248925653,0.37891966198720084,0.37920975795591316,0.37992045126474605,0.37576992795514325,0.3751319136718309,0.3795754300126085
0.3797779994414718,0.3674898840574142,0.22621325728904257,0.10573257318123658,0.3677555026496275,0.3723985430643176,0.3677555026496275,0.36758363194099336,0.3565011332113432,0.373861350768217,0.30955200885361184,0.34235572058810565,0.3747233468504031,0.3682924004652931,0.36967687434979424,0.3730539739793949,0.3710622252031561,0.3709038678947951,0.37836381507758793,0.3764596091959788
0.37850895746134944,0.3728109577814468,0.37521830206202567,0.3601718845661398,0.3709531785063823,0.37013882360233713,0.3713938290700791,0.3667045196456961,0.37999266998407616,0.37085002434103986,0.31714680362351,0.3387386433644619,0.3747786162037391,0.3727744726327583,0.38009399651079545,0.37743767152359076,0.37997176042769437,0.3832548730126771,0.37999701912636874,0.3785821157362047
0.36932309289975557,0.3666727091452914,0.3645140798576309,0.35180427457142205,0.36724719066482875,0.36836504718791574,0.36731778457693554,0.36651583710407243,0.36077205478321905,0.372351387352875,0.3213279500278909,0.3457901385954329,0.3731342927194037,0.367410521306877,0.3699927615075814,0.3714748841191507,0.3757897299968181,0.37676417811117363,0.3778026377128062,0.3781357207222986
0.36887126190001823,0.3664765964200288,0.3339938831948574,0.2667602306034017,0.36724719066482875,0.3702797877764699,0.36724719066482875,0.36651583710407243,0.3673300153032715,0.3775049044438448,0.3205277876393555,0.360293012196957,0.3635988847796967,0.36694107352025185,0.3699257414084298,0.3691332945866948,0.3742215821946112,0.3732079177258588,0.37582246239661926,0.37503194005072094
0.03426752961147804,0.36651583710407243,0.36651583710407243,0.012404007448560305,0.36651583710407243,0.36651583710407243,0.36651583710407243,0.36651583710407243,0.3766611606016204,0.36651583710407243,0.3794483360478666,0.3724643833239141,0.37658405629568065,0.37854885569215135,0.3707517352357936,0.3793632813735876,0.3705156422384042,0.36961846405848503,0.3711620329342198,0.36990238238030065
0.13509077014422652,0.8609194165064936,0.8475370324123457,0.7975671865398686,0.8376614240070499,0.8918632190215525,0.8878745052361567,0.8467602327324747,0.8391539793943277,0.7380776563744391,0.587338467325872,0.4930394538375761,0.5977426586509855,0.6045731261721292,0.6286512191466246,0.8174608883969078,0.738014651287967,0.7309570859927205,0.7748876679961543,0.818928442732978
0.3875679613274446,0.6615207381032,0.8514494684870358,0.8249402075744798,0.7814312402737023,0.7747351267113267,0.8813576457560175,0.9125683913920957,0.8961548632413424,0.7874481299336797,0.5301158138614251,0.4655197761229792,0.5332280308875461,0.8885702730622269,0.6455376680846984,0.883629096656824,0.8737168620520701,0.8718638735130918,0.8414557204142048,0.8641780491162144
0.31839704067334945,0.7414548416014973,0.5313988789269198,0.5363872568591298,0.5986455422401074,0.6759856233644016,0.6012860647627366,0.7442992587853091,0.806690531889606,0.6307480129203039,0.4651685039034612,0.49042050447678703,0.5566145673391008,0.39526505839341025,0.6459957606324214,0.5622858998514442,0.6784900404994205,0.6946114394072237,0.6797927251554331,0.765619854910224
0.27129881180241133,0.6496308496717991,0.47984408304459913,0.4729738184018974,0.4972692171758669,0.5425906541940336,0.4948723039512602,0.6935412145374988,0.8131797247581842,0.591112871483534,0.450074549177564,0.473740706579314,0.5604387299918119,0.3972392774361903,0.6464268433094806,0.48406500288816673,0.7276813843797262,0.7125488995096174,0.7365337475835793,0.7301299334177352
0.030120063040889294,0.3705047382848557,0.334880601439276,0.015956373604474976,0.37080802840545696,0.37652321364042723,0.3708061002178649,0.36651583710407243,0.37411501756068843,0.37171886264545057,0.3854127756490505,0.38417887044443866,0.3845694797336652,0.3886976133240739,0.3844061385873054,0.39334930652157857,0.39449949156015074,0.39416605302673413,0.3927935827820335,0.39420149991370296
0.1246975830755606,0.8697246196316301,0.836089371145506,0.8451978145489003,0.8373198772098743,0.8781094309673896,0.8853368412258228,0.8678595325074794,0.7432934263921607,0.7439458403578304,0.5381615389918963,0.5438113987001731,0.5718484703217893,0.5705252036489965,0.7268094842515863,0.7759962794430071,0.7748799856307294,0.7293837472790761,0.7639042749848212,0.8089073251286107
0.6866400477244409,0.6808486458849122,0.8587640126082033,0.8815467165091155,0.7866801319821038,0.814111929173264,0.8759615392996769,0.8119869709910851,0.4789370370637638,0.8213856496306738,0.6213348376217169,0.6124923327791149,0.6252042505392273,0.8640236607633833,0.8308160439832051,0.8801120432625319,0.8777787847967632,0.8785022815988707,0.8743886864873855,0.9100964746673627
0.2898904916637976,0.7440553663860896,0.5861552034111921,0.6065007522011128,0.6042935233187006,0.6735953682923963,0.6145270984915923,0.7417083287940572,0.7953552377433919,0.6582269477592322,0.5438758287795619,0.550708994582627,0.5735583414627629,0.3903277181937207,0.6274858691791841,0.5069969632350882,0.7003988816912989,0.6825927231322636,0.6853172218869296,0.7544024650201122
0.2593184101818433,0.6542206741264337,0.5019408429647843,0.5128074714279411,0.5009253163433386,0.5986659044832032,0.50671814867768,0.6874651285288372,0.7899035566547592,0.5994142282580743,0.48567101942588853,0.43120369336158626,0.6403379928525342,0.38905900859086373,0.6104436157653363,0.45933869797593474,0.6675297161605601,0.6669185080374174,0.6766632740499854,0.7265314338685671
0.4202835001054711,0.7791397321208885,0.6699143197544327,0.7127389847489269,0.5704924854872706,0.7462907810720865,0.7698679783581979,0.9218230829497633,0.9215399111287741,0.791805060195136,0.5816744540816602,0.5488354052933965,0.6574051371833516,0.8191083551553268,0.5626197327234579,0.8448966593579363,0.7593360145487441,0.7393023989488128,0.7581642767634272,0.7659363741087163
0.5101943499239306,0.8490472870535504,0.8351727098425876,0.8244722705268789,0.7015130542021577,0.8432326757266512,0.8204379992157071,0.8635189327865681,0.8582631341502794,0.7716369386983606,0.6219466915374009,0.5729981345129512,0.6230918383413477,0.6620298765105844,0.7402303880694471,0.7280092409954562,0.7607304846900331,0.7467743387271674,0.7385620465788041,0.708869976520242
0.7614891398505829,0.7669799377343455,0.8140731881644085,0.7881008193769494,0.771984958250244,0.8462831394689583,0.8640282318189897,0.8416132614133274,0.5624715732672936,0.8316454262481507,0.5326562938452174,0.6235282187824892,0.5208806261789851,0.8487289104891452,0.8331898978070762,0.882098442369204,0.804938441761395,0.8204719285471032,0.8217541068640201,0.8673931944741559
0.2449789854805774,0.8126605640097203,0.7687429496670664,0.7944508893963966,0.6691168379530509,0.7699757046576239,0.7783285431709321,0.8269090254225434,0.8703742780011223,0.8027697923237879,0.4559021732672041,0.47362213416310506,0.5724693429774368,0.6501209372069564,0.6975152239663208,0.6909238993826504,0.7395963434364118,0.7101570636374746,0.7360347497887294,0.7623110865385833
0.25577166891621056,0.8280618582627176,0.8151897355294327,0.801593883487037,0.6623207301910587,0.6876981391079561,0.7797242206062293,0.8006521595361383,0.888306597989155,0.8133238597872133,0.3568168507225089,0.4253436900512754,0.6033682349717132,0.6986328011459211,0.6612171496584693,0.6424639735019876,0.7461676598030623,0.7789799645449594,0.7159716105194687,0.737868018129166
0.3930873016757559,0.7798139779689243,0.6478369287139123,0.6885076103306497,0.5715236169388849,0.6123176938734546,0.7703822647022508,0.9135385542709449,0.9215399111287741,0.7112845775324798,0.5216468211448387,0.4858101554208119,0.6912923883886676,0.8178159430479699,0.6662819937608104,0.8261513388199218,0.7582397146293677,0.7440450624297692,0.7618554042118306,0.79794186978828
0.028501781313272922,0.8523815271024366,0.8022022990288619,0.8491009388029106,0.8075489650887773,0.8317288998166629,0.8033806766219742,0.8498830594748252,0.849652469146195,0.8276458989777405,0.3540071532384095,0.3127408308686205,0.5707161646058055,0.6102050985443546,0.6405632763754532,0.7191801502050116,0.7875757544821494,0.75221012055537,0.7796981233373588,0.7848170280532326
0.2519415106610989,0.7821600412753609,0.8823356788989422,0.8068503029434739,0.7975493489877743,0.8505824172304919,0.8882001034369825,0.9095467282725156,0.9105230305978274,0.8516466569430502,0.4764272885456711,0.48758730110087134,0.5231661227202449,0.8766541035542329,0.7337137773813877,0.8691438342070051,0.8238212354550293,0.8104302198356985,0.8062467087329972,0.8484930533286099
0.11788143403185604,0.8591398367782678,0.8369473566080582,0.799671112957895,0.7625181821887921,0.7381958013298213,0.8291593275095339,0.817115991361652,0.8740648195793751,0.8645851501536658,0.4445729390328451,0.46982445558972963,0.5409082452354005,0.5334870120524486,0.4089426314941554,0.6720708633146224,0.7061854635637179,0.6871870862049262,0.6955520843530629,0.7969440722480938
0.12503492499129157,0.8739108966250948,0.8623674343278425,0.8222295940223437,0.7080205287303654,0.5963935049146645,0.8342662206747652,0.7949012272960844,0.8854703732741821,0.8727263391908491,0.34243875380954225,0.46850747728027725,0.5877236065941441,0.5482517379736481,0.6188704136398967,0.6921400251953804,0.724648986360152,0.7037849092512849,0.7226066306965466,0.6550788151783923
0.3930873016757559,0.7797918272682665,0.6478369287139123,0.677479623497774,0.5715236169388849,0.7337305823843814,0.7696241179077221,0.9135385542709449,0.9215399111287741,0.6957150272077196,0.5327673071828963,0.49192176286920014,0.6930937987442871,0.820447491749729,0.6369128516845174,0.8346997739579038,0.7651914492742138,0.7347257842592687,0.7540310699808396,0.7685613191264589
0.05174863243814517,0.8518351670580051,0.8119890704922016,0.7662612098472097,0.8028141231486634,0.8129184177273063,0.8171780467729383,0.8783834760300446,0.8582295016044633,0.835585205944801,0.5564412897673588,0.5068294965539171,0.6230009899462029,0.5706996300971612,0.6494184085798004,0.7637911445967643,0.8153767815262499,0.7944764898894355,0.8075548060211992,0.8062499464801676
0.7669353053425986,0.8212872720031696,0.8734286305455655,0.8603340115392732,0.8288864976015584,0.8449707542578511,0.8858389464887574,0.8596662239783005,0.6393178872814143,0.8506203720365028,0.4810869974670991,0.46759441336376795,0.4968936881630241,0.9105877357079333,0.8276001328829652,0.8916996373328778,0.851139983650331,0.8493919845434494,0.8449532632969711,0.8949569036439449
0.10875766102653091,0.8579280530117463,0.8297764404611631,0.8090208910616324,0.7601330338750468,0.683074491223583,0.835588917110661,0.8191382931817999,0.8777557602550429,0.8496304388331056,0.5315348496018727,0.4678376445890766,0.6487855126488021,0.5200507992442255,0.4385958034112521,0.7005963039565265,0.725794643057347,0.7145669215153546,0.6972110916484971,0.7837800552602029
0.18379401721265978,0.8691068529281756,0.8543550210010233,0.8142715180264569,0.7222425382910835,0.5836365789635922,0.8279614191499972,0.7984980730179763,0.8925826948319462,0.8669586780690586,0.5245732473462179,0.44859913037761784,0.5287347692612328,0.5124827292182581,0.6389951111040018,0.6345026693206598,0.7422361700941451,0.7399445731262391,0.7414849746753597,0.6177244629988179
